{"stats":{"minecraft:custom":{"minecraft:time_since_rest":310861,"minecraft:sprint_one_cm":21484,"minecraft:crouch_one_cm":153,"minecraft:play_time":310861,"minecraft:walk_one_cm":8197,"minecraft:sneak_time":18366,"minecraft:jump":482,"minecraft:leave_game":18,"minecraft:time_since_death":310861,"minecraft:total_world_time":1514669,"minecraft:fly_one_cm":2348018},"minecraft:used":{"minecraft:redstone_torch":60,"minecraft:light_gray_wool":116,"minecraft:white_wool":15,"minecraft:lever":27,"minecraft:black_wool":33,"minecraft:repeater":51,"minecraft:redstone_lamp":83,"minecraft:light_gray_stained_glass":29,"minecraft:comparator":4,"minecraft:black_stained_glass":1,"minecraft:redstone":215,"minecraft:stone_button":1,"minecraft:oak_sign":18,"minecraft:orange_wool":13,"minecraft:redstone_block":26,"minecraft:cyan_wool":122,"minecraft:cyan_stained_glass":98}},"DataVersion":3700}