{"stats":{"minecraft:used":{"minecraft:redstone_torch":23,"minecraft:glass":1,"minecraft:light_gray_wool":689,"minecraft:white_wool":14,"minecraft:lever":15,"minecraft:repeater":183,"minecraft:redstone_lamp":91,"minecraft:comparator":11,"minecraft:light_gray_stained_glass":31,"minecraft:redstone":436,"minecraft:oak_sign":11,"minecraft:redstone_block":75,"minecraft:cyan_wool":150,"minecraft:purple_wool":21,"minecraft:cyan_stained_glass":38},"minecraft:custom":{"minecraft:time_since_rest":236139,"minecraft:sprint_one_cm":27914,"minecraft:crouch_one_cm":922,"minecraft:play_time":236139,"minecraft:walk_one_cm":9473,"minecraft:sneak_time":31884,"minecraft:jump":517,"minecraft:leave_game":13,"minecraft:time_since_death":236139,"minecraft:total_world_time":1011397,"minecraft:fly_one_cm":3158299}},"DataVersion":3700}