{"stats":{"minecraft:used":{"minecraft:redstone_torch":22,"minecraft:glass":3,"minecraft:light_gray_wool":79,"minecraft:white_wool":7,"minecraft:lever":4,"minecraft:black_wool":29,"minecraft:repeater":30,"minecraft:redstone_lamp":28,"minecraft:target":6,"minecraft:comparator":6,"minecraft:red_wool":63,"minecraft:red_stained_glass":6,"minecraft:light_blue_wool":6,"minecraft:redstone":49,"minecraft:brown_stained_glass":1,"minecraft:brown_wool":9,"minecraft:stone_button":3,"minecraft:oak_sign":4,"minecraft:redstone_block":5,"minecraft:light_blue_stained_glass":1},"minecraft:custom":{"minecraft:time_since_rest":478045,"minecraft:sprint_one_cm":16111,"minecraft:crouch_one_cm":1493,"minecraft:play_time":478045,"minecraft:walk_one_cm":4890,"minecraft:sneak_time":32415,"minecraft:jump":368,"minecraft:leave_game":8,"minecraft:time_since_death":478045,"minecraft:total_world_time":8155129,"minecraft:fly_one_cm":2285690}},"DataVersion":3700}